count,avg_days,std_days,coeff_variation
1262,18.67511885895404,14.22897599674959,0.7619215762006951
