count,avg_days,std_days,coeff_variation
2332,18.65051458,13.2628473,0.7111250065
