count,avg_days,std_days,coeff_variation
1445,12.520415224913496,14.422364705747288,1.1519078598167605
