count,avg_days,std_days,coeff_variation
907,14.159867695700111,13.942954544838406,0.9846811315244439
