count,avg_days,std_days,coeff_variation
1175,13.205106382978723,14.504230991763675,1.0983804727585924
