count,avg_days,std_days,coeff_variation
362,16.92265193370166,14.211679705058764,0.8398021634396461
