count,avg_days,std_days,coeff_variation
222,16.51801801801802,13.17913954440485,0.797864461101139
