count,avg_days,std_days,coeff_variation
289,29.60763888888889,214.72038914913725,7.252195622722121
