count,avg_days,std_days,coeff_variation
216,16.65740740740741,12.945080442616234,0.7771365690953603
