count,avg_days,std_days,coeff_variation
447,16.165548098434005,14.144969271676498,0.8750070944422079
