count,avg_days,std_days,coeff_variation
131,17.412213740458014,13.152870543086568,0.7553818681036126
