count,avg_days,std_days,coeff_variation
685,14.635036496350365,14.538854934725551,0.9934279930460851
